"상품코드","자체 상품코드","진열상태","판매상태","상품분류 번호","상품분류 신상품영역","상품분류 추천상품영역","상품명","영문 상품명","상품명(관리용)","공급사 상품명","모델명","상품 요약설명","상품 간략설명","상품 상세설명","모바일 상품 상세설명 설정","모바일 상품 상세설명","검색어설정","과세구분","소비자가","공급가","상품가","판매가","판매가 대체문구 사용","판매가 대체문구","주문수량 제한 기준","최소 주문수량(이상)","최대 주문수량(이하)","적립금","적립금 구분","공통이벤트 정보","성인인증","옵션사용","품목 구성방식","옵션 표시방식","옵션세트명","옵션입력","옵션 스타일","버튼이미지 설정","색상 설정","필수여부","품절표시 문구","추가입력옵션","추가입력옵션 명칭","추가입력옵션 선택/필수여부","입력글자수(자)","이미지등록(상세)","이미지등록(목록)","이미지등록(작은목록)","이미지등록(축소)","이미지등록(추가)","제조사","공급사","브랜드","트렌드","자체분류 코드","제조일자","출시일자","유효기간 사용여부","유효기간","원산지","상품부피(cm)","상품결제안내","상품배송안내","교환/반품안내","서비스문의/안내","배송정보","배송방법","국내/해외배송","배송지역","배송비 선결제 설정","배송기간","배송비 구분","배송비입력","스토어픽업 설정","상품 전체중량(kg)","HS코드","상품 구분(해외통관)","상품소재","영문 상품소재(해외통관)","옷감(해외통관)","검색엔진최적화(SEO) 검색엔진 노출 설정","검색엔진최적화(SEO) Title","검색엔진최적화(SEO) Author","검색엔진최적화(SEO) Description","검색엔진최적화(SEO) Keywords","검색엔진최적화(SEO) 상품 이미지 Alt 텍스트","개별결제수단설정","상품배송유형 코드","메모"
"","SAF2026-145","Y","Y","43","Y","Y","고래의 꿈 - 예미킴","","[145] 예미킴","","","Mixedmedia on canvas | 31.8x40.9cm","","<div style=""font-family: 'Noto Sans KR', sans-serif; line-height: 1.8; color: #333;""><div style=""margin-bottom: 30px;""><h2 style=""font-size: 24px; margin-bottom: 10px;"">고래의 꿈</h2><p style=""font-size: 18px; color: #666; margin-bottom: 5px;"">예미킴</p><p style=""color: #888;"">Mixedmedia on canvas | 31.8x40.9cm | 2024</p></div><div style=""margin-bottom: 30px;""><h3 style=""font-size: 18px; border-bottom: 1px solid #ddd; padding-bottom: 10px; margin-bottom: 15px;"">작가 소개</h3><p style=""white-space: pre-line;""></p></div><div style=""margin-bottom: 30px;""><h3 style=""font-size: 18px; border-bottom: 1px solid #ddd; padding-bottom: 10px; margin-bottom: 15px;"">작가 이력</h3><p style=""white-space: pre-line; font-size: 14px;"">이력사항
KAIST(건설환경공학과/산업공학과) 졸업
 

개인전 15회 기획 단체전 70여회
2024 서울 청년비엔날레 미술 평론가상 수상
2023 제주 빛의벙커미디어아트 전시 '피어나다'
2022년 광화문 국제 아트 페스티벌 국제 초대전 초대작가
2019년 인천문화재단 서해평화예술 프로젝트 공동기획 등</p></div></div>","A","","예미킴,씨앗페,SAF2026,미술,예술,작품","B","1200000","1200000","1200000","1200000","N","","","1","1","","","","N","N","","","","","","","","","품절","","","","","145.jpg","145.jpg","145.jpg","145.jpg","","","","","","","","","N","","","","","","","","","","","","","","","","","","","","","","","","","","","","","","",""
"","SAF2026-146","Y","Y","43","Y","Y","우주에서 - 예미킴","","[146] 예미킴","","","Mixedmedia on canvas | 24.2x24.2cm","","<div style=""font-family: 'Noto Sans KR', sans-serif; line-height: 1.8; color: #333;""><div style=""margin-bottom: 30px;""><h2 style=""font-size: 24px; margin-bottom: 10px;"">우주에서</h2><p style=""font-size: 18px; color: #666; margin-bottom: 5px;"">예미킴</p><p style=""color: #888;"">Mixedmedia on canvas | 24.2x24.2cm | 2024</p></div><div style=""margin-bottom: 30px;""><h3 style=""font-size: 18px; border-bottom: 1px solid #ddd; padding-bottom: 10px; margin-bottom: 15px;"">작가 소개</h3><p style=""white-space: pre-line;""></p></div><div style=""margin-bottom: 30px;""><h3 style=""font-size: 18px; border-bottom: 1px solid #ddd; padding-bottom: 10px; margin-bottom: 15px;"">작가 이력</h3><p style=""white-space: pre-line; font-size: 14px;"">이력사항
KAIST(건설환경공학과/산업공학과) 졸업
 

개인전 15회 기획 단체전 70여회
2024 서울 청년비엔날레 미술 평론가상 수상
2023 제주 빛의벙커미디어아트 전시 '피어나다'
2022년 광화문 국제 아트 페스티벌 국제 초대전 초대작가
2019년 인천문화재단 서해평화예술 프로젝트 공동기획 등</p></div></div>","A","","예미킴,씨앗페,SAF2026,미술,예술,작품","B","800000","800000","800000","800000","N","","","1","1","","","","N","N","","","","","","","","","품절","","","","","146.jpg","146.jpg","146.jpg","146.jpg","","","","","","","","","N","","","","","","","","","","","","","","","","","","","","","","","","","","","","","","",""
"","SAF2026-147","Y","Y","43","Y","Y","지리산2 - 오윤","","[147] 오윤","","","목판 | 24.4x34cm","","<div style=""font-family: 'Noto Sans KR', sans-serif; line-height: 1.8; color: #333;""><div style=""margin-bottom: 30px;""><h2 style=""font-size: 24px; margin-bottom: 10px;"">지리산2</h2><p style=""font-size: 18px; color: #666; margin-bottom: 5px;"">오윤</p><p style=""color: #888;"">목판 | 24.4x34cm | 1984</p></div><div style=""margin-bottom: 30px;""><h3 style=""font-size: 18px; border-bottom: 1px solid #ddd; padding-bottom: 10px; margin-bottom: 15px;"">작가 소개</h3><p style=""white-space: pre-line;"">한국 현대미술의 거대한 산맥이자 민중의 삶을 예술로 승화시킨 오윤은, 격동의 1980년대가 낳은 가장 뜨겁고도 진솔한 예술가였습니다. 그는 소설 ‘갯마을’로 잘 알려진 오영수 작가의 아들로 태어나 예술적 토양이 비옥한 환경에서 자랐지만, 그의 시선은 언제나 화려한 화단보다는 척박한 땅을 딛고 서 있는 민초들의 삶을 향해 있었습니다. 서울대학교에서 조소를 전공하며 서구 미학의 세례를 받았음에도 불구하고, 그는 박물관에 갇힌 박제된 미학이 아닌 거리와 현장에서 호흡하는 살아있는 미술을 갈구했습니다. 이러한 고민 끝에 그가 선택한 매체는 목판화였습니다. 한 번의 칼질로 되돌릴 수 없는 흔적을 남기는 목판화는, 투박하면서도 힘찬 그의 예술 정신을 표현하기에 가장 적합한 도구였습니다.

오윤의 작품을 관통하는 가장 핵심적인 정서는 한국인의 심연에 깔린 ‘한(恨)’과 이를 단숨에 깨치고 일어서는 ‘신명’의 조화입니다. 그의 판화 속에 등장하는 인물들은 결코 가냘프거나 나약하지 않습니다. 굵고 거친 선으로 묘사된 그들의 몸짓, 특히 역동적으로 어깨를 들썩이는 춤사위는 억눌린 현실의 고통을 딛고 일어서는 강인한 생명력을 상징합니다. 그는 탈춤, 무속, 도깨비와 같은 민속적 소재들을 현대적 감각으로 재해석하여, 서구적 조형미에 길들여진 우리 미술계에 한국적 원형이 무엇인지를 강렬하게 각인시켰습니다. 그에게 판화는 단순히 그림을 찍어내는 기술이 아니라, 시대의 아픔을 칼끝으로 새기고 대중과 그 아픔을 나누는 소통의 의식이기도 했습니다.

그는 예술이 소수의 특권층이 향유하는 전유물이 되는 것을 경계했습니다. """"미술은 많은 사람이 나누어야 한다""""는 신념 아래, 자신의 판화를 시집의 표지나 노동 현장의 전단지에 아낌없이 내어주었던 일화는 그가 추구했던 예술의 공공성을 잘 보여줍니다. 자본주의의 기형적인 욕망을 풍자한 대작부터 고단한 삶을 위로하는 따뜻한 드로잉까지, 그의 작업은 언제나 인간에 대한 깊은 신뢰와 사랑에 뿌리를 두고 있었습니다. 비록 1986년, 마흔 한 살이라는 너무도 이른 나이에 간경화로 짧은 생을 마감했지만, 그가 남긴 칼자국들은 40여 년이 흐른 오늘날까지도 지워지지 않는 깊은 울림을 전해줍니다.

2026년 현재, 우리는 그 어느 때보다 기술적으로 화려한 시대를 살아가고 있지만 오윤의 투박한 목판화가 여전히 큰 감동을 주는 이유는 그 안에 담긴 진정성 때문일 것입니다. 그는 예술가가 시대와 어떻게 마주해야 하는지, 그리고 가장 한국적인 것이 어떻게 보편적인 인간의 가치에 닿을 수 있는지를 몸소 보여주었습니다. 오윤은 떠났지만 그가 나무판 위에 새겨놓은 민중의 춤사위는 여전히 멈추지 않고 계속되고 있으며, 그의 예술은 한국 미술사에서 잊을 수 없는 가장 인간적이고도 찬란한 기록으로 남아 있습니다.</p></div><div style=""margin-bottom: 30px;""><h3 style=""font-size: 18px; border-bottom: 1px solid #ddd; padding-bottom: 10px; margin-bottom: 15px;"">작가 이력</h3><p style=""white-space: pre-line; font-size: 14px;""></p></div></div>","A","","오윤,씨앗페,SAF2026,미술,예술,작품","B","1800000","1800000","1800000","1800000","N","","","1","1","","","","N","N","","","","","","","","","품절","","","","","147.jpg","147.jpg","147.jpg","147.jpg","","","","","","","","","N","","","","","","","","","","","","","","","","","","","","","","","","","","","","","","",""
"","SAF2026-148","Y","Y","43","Y","Y","검은새 - 오윤","","[148] 오윤","","","목판 | 17x15cm","","<div style=""font-family: 'Noto Sans KR', sans-serif; line-height: 1.8; color: #333;""><div style=""margin-bottom: 30px;""><h2 style=""font-size: 24px; margin-bottom: 10px;"">검은새</h2><p style=""font-size: 18px; color: #666; margin-bottom: 5px;"">오윤</p><p style=""color: #888;"">목판 | 17x15cm | 1980</p></div><div style=""margin-bottom: 30px;""><h3 style=""font-size: 18px; border-bottom: 1px solid #ddd; padding-bottom: 10px; margin-bottom: 15px;"">작가 소개</h3><p style=""white-space: pre-line;"">한국 현대미술의 거대한 산맥이자 민중의 삶을 예술로 승화시킨 오윤은, 격동의 1980년대가 낳은 가장 뜨겁고도 진솔한 예술가였습니다. 그는 소설 ‘갯마을’로 잘 알려진 오영수 작가의 아들로 태어나 예술적 토양이 비옥한 환경에서 자랐지만, 그의 시선은 언제나 화려한 화단보다는 척박한 땅을 딛고 서 있는 민초들의 삶을 향해 있었습니다. 서울대학교에서 조소를 전공하며 서구 미학의 세례를 받았음에도 불구하고, 그는 박물관에 갇힌 박제된 미학이 아닌 거리와 현장에서 호흡하는 살아있는 미술을 갈구했습니다. 이러한 고민 끝에 그가 선택한 매체는 목판화였습니다. 한 번의 칼질로 되돌릴 수 없는 흔적을 남기는 목판화는, 투박하면서도 힘찬 그의 예술 정신을 표현하기에 가장 적합한 도구였습니다.

오윤의 작품을 관통하는 가장 핵심적인 정서는 한국인의 심연에 깔린 ‘한(恨)’과 이를 단숨에 깨치고 일어서는 ‘신명’의 조화입니다. 그의 판화 속에 등장하는 인물들은 결코 가냘프거나 나약하지 않습니다. 굵고 거친 선으로 묘사된 그들의 몸짓, 특히 역동적으로 어깨를 들썩이는 춤사위는 억눌린 현실의 고통을 딛고 일어서는 강인한 생명력을 상징합니다. 그는 탈춤, 무속, 도깨비와 같은 민속적 소재들을 현대적 감각으로 재해석하여, 서구적 조형미에 길들여진 우리 미술계에 한국적 원형이 무엇인지를 강렬하게 각인시켰습니다. 그에게 판화는 단순히 그림을 찍어내는 기술이 아니라, 시대의 아픔을 칼끝으로 새기고 대중과 그 아픔을 나누는 소통의 의식이기도 했습니다.

그는 예술이 소수의 특권층이 향유하는 전유물이 되는 것을 경계했습니다. """"미술은 많은 사람이 나누어야 한다""""는 신념 아래, 자신의 판화를 시집의 표지나 노동 현장의 전단지에 아낌없이 내어주었던 일화는 그가 추구했던 예술의 공공성을 잘 보여줍니다. 자본주의의 기형적인 욕망을 풍자한 대작부터 고단한 삶을 위로하는 따뜻한 드로잉까지, 그의 작업은 언제나 인간에 대한 깊은 신뢰와 사랑에 뿌리를 두고 있었습니다. 비록 1986년, 마흔 한 살이라는 너무도 이른 나이에 간경화로 짧은 생을 마감했지만, 그가 남긴 칼자국들은 40여 년이 흐른 오늘날까지도 지워지지 않는 깊은 울림을 전해줍니다.

2026년 현재, 우리는 그 어느 때보다 기술적으로 화려한 시대를 살아가고 있지만 오윤의 투박한 목판화가 여전히 큰 감동을 주는 이유는 그 안에 담긴 진정성 때문일 것입니다. 그는 예술가가 시대와 어떻게 마주해야 하는지, 그리고 가장 한국적인 것이 어떻게 보편적인 인간의 가치에 닿을 수 있는지를 몸소 보여주었습니다. 오윤은 떠났지만 그가 나무판 위에 새겨놓은 민중의 춤사위는 여전히 멈추지 않고 계속되고 있으며, 그의 예술은 한국 미술사에서 잊을 수 없는 가장 인간적이고도 찬란한 기록으로 남아 있습니다.</p></div><div style=""margin-bottom: 30px;""><h3 style=""font-size: 18px; border-bottom: 1px solid #ddd; padding-bottom: 10px; margin-bottom: 15px;"">작가 이력</h3><p style=""white-space: pre-line; font-size: 14px;""></p></div></div>","A","","오윤,씨앗페,SAF2026,미술,예술,작품","B","1200000","1200000","1200000","1200000","N","","","1","1","","","","N","N","","","","","","","","","품절","","","","","148.jpg","148.jpg","148.jpg","148.jpg","","","","","","","","","N","","","","","","","","","","","","","","","","","","","","","","","","","","","","","","",""
"","SAF2026-149","Y","Y","43","Y","Y","봄의소리1 - 오윤","","[149] 오윤","","","목판 | 16.5x16.5cm","","<div style=""font-family: 'Noto Sans KR', sans-serif; line-height: 1.8; color: #333;""><div style=""margin-bottom: 30px;""><h2 style=""font-size: 24px; margin-bottom: 10px;"">봄의소리1</h2><p style=""font-size: 18px; color: #666; margin-bottom: 5px;"">오윤</p><p style=""color: #888;"">목판 | 16.5x16.5cm | 1983</p></div><div style=""margin-bottom: 30px;""><h3 style=""font-size: 18px; border-bottom: 1px solid #ddd; padding-bottom: 10px; margin-bottom: 15px;"">작가 소개</h3><p style=""white-space: pre-line;"">한국 현대미술의 거대한 산맥이자 민중의 삶을 예술로 승화시킨 오윤은, 격동의 1980년대가 낳은 가장 뜨겁고도 진솔한 예술가였습니다. 그는 소설 ‘갯마을’로 잘 알려진 오영수 작가의 아들로 태어나 예술적 토양이 비옥한 환경에서 자랐지만, 그의 시선은 언제나 화려한 화단보다는 척박한 땅을 딛고 서 있는 민초들의 삶을 향해 있었습니다. 서울대학교에서 조소를 전공하며 서구 미학의 세례를 받았음에도 불구하고, 그는 박물관에 갇힌 박제된 미학이 아닌 거리와 현장에서 호흡하는 살아있는 미술을 갈구했습니다. 이러한 고민 끝에 그가 선택한 매체는 목판화였습니다. 한 번의 칼질로 되돌릴 수 없는 흔적을 남기는 목판화는, 투박하면서도 힘찬 그의 예술 정신을 표현하기에 가장 적합한 도구였습니다.

오윤의 작품을 관통하는 가장 핵심적인 정서는 한국인의 심연에 깔린 ‘한(恨)’과 이를 단숨에 깨치고 일어서는 ‘신명’의 조화입니다. 그의 판화 속에 등장하는 인물들은 결코 가냘프거나 나약하지 않습니다. 굵고 거친 선으로 묘사된 그들의 몸짓, 특히 역동적으로 어깨를 들썩이는 춤사위는 억눌린 현실의 고통을 딛고 일어서는 강인한 생명력을 상징합니다. 그는 탈춤, 무속, 도깨비와 같은 민속적 소재들을 현대적 감각으로 재해석하여, 서구적 조형미에 길들여진 우리 미술계에 한국적 원형이 무엇인지를 강렬하게 각인시켰습니다. 그에게 판화는 단순히 그림을 찍어내는 기술이 아니라, 시대의 아픔을 칼끝으로 새기고 대중과 그 아픔을 나누는 소통의 의식이기도 했습니다.

그는 예술이 소수의 특권층이 향유하는 전유물이 되는 것을 경계했습니다. """"미술은 많은 사람이 나누어야 한다""""는 신념 아래, 자신의 판화를 시집의 표지나 노동 현장의 전단지에 아낌없이 내어주었던 일화는 그가 추구했던 예술의 공공성을 잘 보여줍니다. 자본주의의 기형적인 욕망을 풍자한 대작부터 고단한 삶을 위로하는 따뜻한 드로잉까지, 그의 작업은 언제나 인간에 대한 깊은 신뢰와 사랑에 뿌리를 두고 있었습니다. 비록 1986년, 마흔 한 살이라는 너무도 이른 나이에 간경화로 짧은 생을 마감했지만, 그가 남긴 칼자국들은 40여 년이 흐른 오늘날까지도 지워지지 않는 깊은 울림을 전해줍니다.

2026년 현재, 우리는 그 어느 때보다 기술적으로 화려한 시대를 살아가고 있지만 오윤의 투박한 목판화가 여전히 큰 감동을 주는 이유는 그 안에 담긴 진정성 때문일 것입니다. 그는 예술가가 시대와 어떻게 마주해야 하는지, 그리고 가장 한국적인 것이 어떻게 보편적인 인간의 가치에 닿을 수 있는지를 몸소 보여주었습니다. 오윤은 떠났지만 그가 나무판 위에 새겨놓은 민중의 춤사위는 여전히 멈추지 않고 계속되고 있으며, 그의 예술은 한국 미술사에서 잊을 수 없는 가장 인간적이고도 찬란한 기록으로 남아 있습니다.</p></div><div style=""margin-bottom: 30px;""><h3 style=""font-size: 18px; border-bottom: 1px solid #ddd; padding-bottom: 10px; margin-bottom: 15px;"">작가 이력</h3><p style=""white-space: pre-line; font-size: 14px;""></p></div></div>","A","","오윤,씨앗페,SAF2026,미술,예술,작품","B","1400000","1400000","1400000","1400000","N","","","1","1","","","","N","N","","","","","","","","","품절","","","","","149.jpg","149.jpg","149.jpg","149.jpg","","","","","","","","","N","","","","","","","","","","","","","","","","","","","","","","","","","","","","","","",""
"","SAF2026-150","Y","Y","43","Y","Y","봄의소리2 - 오윤","","[150] 오윤","","","목판 | 25.5x35cm","","<div style=""font-family: 'Noto Sans KR', sans-serif; line-height: 1.8; color: #333;""><div style=""margin-bottom: 30px;""><h2 style=""font-size: 24px; margin-bottom: 10px;"">봄의소리2</h2><p style=""font-size: 18px; color: #666; margin-bottom: 5px;"">오윤</p><p style=""color: #888;"">목판 | 25.5x35cm | 1984</p></div><div style=""margin-bottom: 30px;""><h3 style=""font-size: 18px; border-bottom: 1px solid #ddd; padding-bottom: 10px; margin-bottom: 15px;"">작가 소개</h3><p style=""white-space: pre-line;"">한국 현대미술의 거대한 산맥이자 민중의 삶을 예술로 승화시킨 오윤은, 격동의 1980년대가 낳은 가장 뜨겁고도 진솔한 예술가였습니다. 그는 소설 ‘갯마을’로 잘 알려진 오영수 작가의 아들로 태어나 예술적 토양이 비옥한 환경에서 자랐지만, 그의 시선은 언제나 화려한 화단보다는 척박한 땅을 딛고 서 있는 민초들의 삶을 향해 있었습니다. 서울대학교에서 조소를 전공하며 서구 미학의 세례를 받았음에도 불구하고, 그는 박물관에 갇힌 박제된 미학이 아닌 거리와 현장에서 호흡하는 살아있는 미술을 갈구했습니다. 이러한 고민 끝에 그가 선택한 매체는 목판화였습니다. 한 번의 칼질로 되돌릴 수 없는 흔적을 남기는 목판화는, 투박하면서도 힘찬 그의 예술 정신을 표현하기에 가장 적합한 도구였습니다.

오윤의 작품을 관통하는 가장 핵심적인 정서는 한국인의 심연에 깔린 ‘한(恨)’과 이를 단숨에 깨치고 일어서는 ‘신명’의 조화입니다. 그의 판화 속에 등장하는 인물들은 결코 가냘프거나 나약하지 않습니다. 굵고 거친 선으로 묘사된 그들의 몸짓, 특히 역동적으로 어깨를 들썩이는 춤사위는 억눌린 현실의 고통을 딛고 일어서는 강인한 생명력을 상징합니다. 그는 탈춤, 무속, 도깨비와 같은 민속적 소재들을 현대적 감각으로 재해석하여, 서구적 조형미에 길들여진 우리 미술계에 한국적 원형이 무엇인지를 강렬하게 각인시켰습니다. 그에게 판화는 단순히 그림을 찍어내는 기술이 아니라, 시대의 아픔을 칼끝으로 새기고 대중과 그 아픔을 나누는 소통의 의식이기도 했습니다.

그는 예술이 소수의 특권층이 향유하는 전유물이 되는 것을 경계했습니다. """"미술은 많은 사람이 나누어야 한다""""는 신념 아래, 자신의 판화를 시집의 표지나 노동 현장의 전단지에 아낌없이 내어주었던 일화는 그가 추구했던 예술의 공공성을 잘 보여줍니다. 자본주의의 기형적인 욕망을 풍자한 대작부터 고단한 삶을 위로하는 따뜻한 드로잉까지, 그의 작업은 언제나 인간에 대한 깊은 신뢰와 사랑에 뿌리를 두고 있었습니다. 비록 1986년, 마흔 한 살이라는 너무도 이른 나이에 간경화로 짧은 생을 마감했지만, 그가 남긴 칼자국들은 40여 년이 흐른 오늘날까지도 지워지지 않는 깊은 울림을 전해줍니다.

2026년 현재, 우리는 그 어느 때보다 기술적으로 화려한 시대를 살아가고 있지만 오윤의 투박한 목판화가 여전히 큰 감동을 주는 이유는 그 안에 담긴 진정성 때문일 것입니다. 그는 예술가가 시대와 어떻게 마주해야 하는지, 그리고 가장 한국적인 것이 어떻게 보편적인 인간의 가치에 닿을 수 있는지를 몸소 보여주었습니다. 오윤은 떠났지만 그가 나무판 위에 새겨놓은 민중의 춤사위는 여전히 멈추지 않고 계속되고 있으며, 그의 예술은 한국 미술사에서 잊을 수 없는 가장 인간적이고도 찬란한 기록으로 남아 있습니다.</p></div><div style=""margin-bottom: 30px;""><h3 style=""font-size: 18px; border-bottom: 1px solid #ddd; padding-bottom: 10px; margin-bottom: 15px;"">작가 이력</h3><p style=""white-space: pre-line; font-size: 14px;""></p></div></div>","A","","오윤,씨앗페,SAF2026,미술,예술,작품","B","900000","900000","900000","900000","N","","","1","1","","","","N","N","","","","","","","","","품절","","","","","150.jpg","150.jpg","150.jpg","150.jpg","","","","","","","","","N","","","","","","","","","","","","","","","","","","","","","","","","","","","","","","",""
"","SAF2026-151","Y","Y","43","Y","Y","칼노래 - 오윤","","[151] 오윤","","","목판 | 32.2x25.5cm","","<div style=""font-family: 'Noto Sans KR', sans-serif; line-height: 1.8; color: #333;""><div style=""margin-bottom: 30px;""><h2 style=""font-size: 24px; margin-bottom: 10px;"">칼노래</h2><p style=""font-size: 18px; color: #666; margin-bottom: 5px;"">오윤</p><p style=""color: #888;"">목판 | 32.2x25.5cm | 1985</p></div><div style=""margin-bottom: 30px;""><h3 style=""font-size: 18px; border-bottom: 1px solid #ddd; padding-bottom: 10px; margin-bottom: 15px;"">작가 소개</h3><p style=""white-space: pre-line;"">한국 현대미술의 거대한 산맥이자 민중의 삶을 예술로 승화시킨 오윤은, 격동의 1980년대가 낳은 가장 뜨겁고도 진솔한 예술가였습니다. 그는 소설 ‘갯마을’로 잘 알려진 오영수 작가의 아들로 태어나 예술적 토양이 비옥한 환경에서 자랐지만, 그의 시선은 언제나 화려한 화단보다는 척박한 땅을 딛고 서 있는 민초들의 삶을 향해 있었습니다. 서울대학교에서 조소를 전공하며 서구 미학의 세례를 받았음에도 불구하고, 그는 박물관에 갇힌 박제된 미학이 아닌 거리와 현장에서 호흡하는 살아있는 미술을 갈구했습니다. 이러한 고민 끝에 그가 선택한 매체는 목판화였습니다. 한 번의 칼질로 되돌릴 수 없는 흔적을 남기는 목판화는, 투박하면서도 힘찬 그의 예술 정신을 표현하기에 가장 적합한 도구였습니다.

오윤의 작품을 관통하는 가장 핵심적인 정서는 한국인의 심연에 깔린 ‘한(恨)’과 이를 단숨에 깨치고 일어서는 ‘신명’의 조화입니다. 그의 판화 속에 등장하는 인물들은 결코 가냘프거나 나약하지 않습니다. 굵고 거친 선으로 묘사된 그들의 몸짓, 특히 역동적으로 어깨를 들썩이는 춤사위는 억눌린 현실의 고통을 딛고 일어서는 강인한 생명력을 상징합니다. 그는 탈춤, 무속, 도깨비와 같은 민속적 소재들을 현대적 감각으로 재해석하여, 서구적 조형미에 길들여진 우리 미술계에 한국적 원형이 무엇인지를 강렬하게 각인시켰습니다. 그에게 판화는 단순히 그림을 찍어내는 기술이 아니라, 시대의 아픔을 칼끝으로 새기고 대중과 그 아픔을 나누는 소통의 의식이기도 했습니다.

그는 예술이 소수의 특권층이 향유하는 전유물이 되는 것을 경계했습니다. """"미술은 많은 사람이 나누어야 한다""""는 신념 아래, 자신의 판화를 시집의 표지나 노동 현장의 전단지에 아낌없이 내어주었던 일화는 그가 추구했던 예술의 공공성을 잘 보여줍니다. 자본주의의 기형적인 욕망을 풍자한 대작부터 고단한 삶을 위로하는 따뜻한 드로잉까지, 그의 작업은 언제나 인간에 대한 깊은 신뢰와 사랑에 뿌리를 두고 있었습니다. 비록 1986년, 마흔 한 살이라는 너무도 이른 나이에 간경화로 짧은 생을 마감했지만, 그가 남긴 칼자국들은 40여 년이 흐른 오늘날까지도 지워지지 않는 깊은 울림을 전해줍니다.

2026년 현재, 우리는 그 어느 때보다 기술적으로 화려한 시대를 살아가고 있지만 오윤의 투박한 목판화가 여전히 큰 감동을 주는 이유는 그 안에 담긴 진정성 때문일 것입니다. 그는 예술가가 시대와 어떻게 마주해야 하는지, 그리고 가장 한국적인 것이 어떻게 보편적인 인간의 가치에 닿을 수 있는지를 몸소 보여주었습니다. 오윤은 떠났지만 그가 나무판 위에 새겨놓은 민중의 춤사위는 여전히 멈추지 않고 계속되고 있으며, 그의 예술은 한국 미술사에서 잊을 수 없는 가장 인간적이고도 찬란한 기록으로 남아 있습니다.</p></div><div style=""margin-bottom: 30px;""><h3 style=""font-size: 18px; border-bottom: 1px solid #ddd; padding-bottom: 10px; margin-bottom: 15px;"">작가 이력</h3><p style=""white-space: pre-line; font-size: 14px;""></p></div></div>","A","","오윤,씨앗페,SAF2026,미술,예술,작품","B","2800000","2800000","2800000","2800000","N","","","1","1","","","","N","N","","","","","","","","","품절","","","","","151.jpg","151.jpg","151.jpg","151.jpg","","","","","","","","","N","","","","","","","","","","","","","","","","","","","","","","","","","","","","","","",""
"","SAF2026-152","Y","Y","43","Y","Y","징2 - 오윤","","[152] 오윤","","","목판 | 32.7x25cm","","<div style=""font-family: 'Noto Sans KR', sans-serif; line-height: 1.8; color: #333;""><div style=""margin-bottom: 30px;""><h2 style=""font-size: 24px; margin-bottom: 10px;"">징2</h2><p style=""font-size: 18px; color: #666; margin-bottom: 5px;"">오윤</p><p style=""color: #888;"">목판 | 32.7x25cm | 1985</p></div><div style=""margin-bottom: 30px;""><h3 style=""font-size: 18px; border-bottom: 1px solid #ddd; padding-bottom: 10px; margin-bottom: 15px;"">작가 소개</h3><p style=""white-space: pre-line;"">한국 현대미술의 거대한 산맥이자 민중의 삶을 예술로 승화시킨 오윤은, 격동의 1980년대가 낳은 가장 뜨겁고도 진솔한 예술가였습니다. 그는 소설 ‘갯마을’로 잘 알려진 오영수 작가의 아들로 태어나 예술적 토양이 비옥한 환경에서 자랐지만, 그의 시선은 언제나 화려한 화단보다는 척박한 땅을 딛고 서 있는 민초들의 삶을 향해 있었습니다. 서울대학교에서 조소를 전공하며 서구 미학의 세례를 받았음에도 불구하고, 그는 박물관에 갇힌 박제된 미학이 아닌 거리와 현장에서 호흡하는 살아있는 미술을 갈구했습니다. 이러한 고민 끝에 그가 선택한 매체는 목판화였습니다. 한 번의 칼질로 되돌릴 수 없는 흔적을 남기는 목판화는, 투박하면서도 힘찬 그의 예술 정신을 표현하기에 가장 적합한 도구였습니다.

오윤의 작품을 관통하는 가장 핵심적인 정서는 한국인의 심연에 깔린 ‘한(恨)’과 이를 단숨에 깨치고 일어서는 ‘신명’의 조화입니다. 그의 판화 속에 등장하는 인물들은 결코 가냘프거나 나약하지 않습니다. 굵고 거친 선으로 묘사된 그들의 몸짓, 특히 역동적으로 어깨를 들썩이는 춤사위는 억눌린 현실의 고통을 딛고 일어서는 강인한 생명력을 상징합니다. 그는 탈춤, 무속, 도깨비와 같은 민속적 소재들을 현대적 감각으로 재해석하여, 서구적 조형미에 길들여진 우리 미술계에 한국적 원형이 무엇인지를 강렬하게 각인시켰습니다. 그에게 판화는 단순히 그림을 찍어내는 기술이 아니라, 시대의 아픔을 칼끝으로 새기고 대중과 그 아픔을 나누는 소통의 의식이기도 했습니다.

그는 예술이 소수의 특권층이 향유하는 전유물이 되는 것을 경계했습니다. """"미술은 많은 사람이 나누어야 한다""""는 신념 아래, 자신의 판화를 시집의 표지나 노동 현장의 전단지에 아낌없이 내어주었던 일화는 그가 추구했던 예술의 공공성을 잘 보여줍니다. 자본주의의 기형적인 욕망을 풍자한 대작부터 고단한 삶을 위로하는 따뜻한 드로잉까지, 그의 작업은 언제나 인간에 대한 깊은 신뢰와 사랑에 뿌리를 두고 있었습니다. 비록 1986년, 마흔 한 살이라는 너무도 이른 나이에 간경화로 짧은 생을 마감했지만, 그가 남긴 칼자국들은 40여 년이 흐른 오늘날까지도 지워지지 않는 깊은 울림을 전해줍니다.

2026년 현재, 우리는 그 어느 때보다 기술적으로 화려한 시대를 살아가고 있지만 오윤의 투박한 목판화가 여전히 큰 감동을 주는 이유는 그 안에 담긴 진정성 때문일 것입니다. 그는 예술가가 시대와 어떻게 마주해야 하는지, 그리고 가장 한국적인 것이 어떻게 보편적인 인간의 가치에 닿을 수 있는지를 몸소 보여주었습니다. 오윤은 떠났지만 그가 나무판 위에 새겨놓은 민중의 춤사위는 여전히 멈추지 않고 계속되고 있으며, 그의 예술은 한국 미술사에서 잊을 수 없는 가장 인간적이고도 찬란한 기록으로 남아 있습니다.</p></div><div style=""margin-bottom: 30px;""><h3 style=""font-size: 18px; border-bottom: 1px solid #ddd; padding-bottom: 10px; margin-bottom: 15px;"">작가 이력</h3><p style=""white-space: pre-line; font-size: 14px;""></p></div></div>","A","","오윤,씨앗페,SAF2026,미술,예술,작품","B","1200000","1200000","1200000","1200000","N","","","1","1","","","","N","N","","","","","","","","","품절","","","","","152.jpg","152.jpg","152.jpg","152.jpg","","","","","","","","","N","","","","","","","","","","","","","","","","","","","","","","","","","","","","","","",""
"","SAF2026-153","Y","Y","43","Y","Y","무호도 - 오윤","","[153] 오윤","","","목판 | 35x25.6cm","","<div style=""font-family: 'Noto Sans KR', sans-serif; line-height: 1.8; color: #333;""><div style=""margin-bottom: 30px;""><h2 style=""font-size: 24px; margin-bottom: 10px;"">무호도</h2><p style=""font-size: 18px; color: #666; margin-bottom: 5px;"">오윤</p><p style=""color: #888;"">목판 | 35x25.6cm | 1985</p></div><div style=""margin-bottom: 30px;""><h3 style=""font-size: 18px; border-bottom: 1px solid #ddd; padding-bottom: 10px; margin-bottom: 15px;"">작가 소개</h3><p style=""white-space: pre-line;"">한국 현대미술의 거대한 산맥이자 민중의 삶을 예술로 승화시킨 오윤은, 격동의 1980년대가 낳은 가장 뜨겁고도 진솔한 예술가였습니다. 그는 소설 ‘갯마을’로 잘 알려진 오영수 작가의 아들로 태어나 예술적 토양이 비옥한 환경에서 자랐지만, 그의 시선은 언제나 화려한 화단보다는 척박한 땅을 딛고 서 있는 민초들의 삶을 향해 있었습니다. 서울대학교에서 조소를 전공하며 서구 미학의 세례를 받았음에도 불구하고, 그는 박물관에 갇힌 박제된 미학이 아닌 거리와 현장에서 호흡하는 살아있는 미술을 갈구했습니다. 이러한 고민 끝에 그가 선택한 매체는 목판화였습니다. 한 번의 칼질로 되돌릴 수 없는 흔적을 남기는 목판화는, 투박하면서도 힘찬 그의 예술 정신을 표현하기에 가장 적합한 도구였습니다.

오윤의 작품을 관통하는 가장 핵심적인 정서는 한국인의 심연에 깔린 ‘한(恨)’과 이를 단숨에 깨치고 일어서는 ‘신명’의 조화입니다. 그의 판화 속에 등장하는 인물들은 결코 가냘프거나 나약하지 않습니다. 굵고 거친 선으로 묘사된 그들의 몸짓, 특히 역동적으로 어깨를 들썩이는 춤사위는 억눌린 현실의 고통을 딛고 일어서는 강인한 생명력을 상징합니다. 그는 탈춤, 무속, 도깨비와 같은 민속적 소재들을 현대적 감각으로 재해석하여, 서구적 조형미에 길들여진 우리 미술계에 한국적 원형이 무엇인지를 강렬하게 각인시켰습니다. 그에게 판화는 단순히 그림을 찍어내는 기술이 아니라, 시대의 아픔을 칼끝으로 새기고 대중과 그 아픔을 나누는 소통의 의식이기도 했습니다.

그는 예술이 소수의 특권층이 향유하는 전유물이 되는 것을 경계했습니다. """"미술은 많은 사람이 나누어야 한다""""는 신념 아래, 자신의 판화를 시집의 표지나 노동 현장의 전단지에 아낌없이 내어주었던 일화는 그가 추구했던 예술의 공공성을 잘 보여줍니다. 자본주의의 기형적인 욕망을 풍자한 대작부터 고단한 삶을 위로하는 따뜻한 드로잉까지, 그의 작업은 언제나 인간에 대한 깊은 신뢰와 사랑에 뿌리를 두고 있었습니다. 비록 1986년, 마흔 한 살이라는 너무도 이른 나이에 간경화로 짧은 생을 마감했지만, 그가 남긴 칼자국들은 40여 년이 흐른 오늘날까지도 지워지지 않는 깊은 울림을 전해줍니다.

2026년 현재, 우리는 그 어느 때보다 기술적으로 화려한 시대를 살아가고 있지만 오윤의 투박한 목판화가 여전히 큰 감동을 주는 이유는 그 안에 담긴 진정성 때문일 것입니다. 그는 예술가가 시대와 어떻게 마주해야 하는지, 그리고 가장 한국적인 것이 어떻게 보편적인 인간의 가치에 닿을 수 있는지를 몸소 보여주었습니다. 오윤은 떠났지만 그가 나무판 위에 새겨놓은 민중의 춤사위는 여전히 멈추지 않고 계속되고 있으며, 그의 예술은 한국 미술사에서 잊을 수 없는 가장 인간적이고도 찬란한 기록으로 남아 있습니다.</p></div><div style=""margin-bottom: 30px;""><h3 style=""font-size: 18px; border-bottom: 1px solid #ddd; padding-bottom: 10px; margin-bottom: 15px;"">작가 이력</h3><p style=""white-space: pre-line; font-size: 14px;""></p></div></div>","A","","오윤,씨앗페,SAF2026,미술,예술,작품","B","1500000","1500000","1500000","1500000","N","","","1","1","","","","N","N","","","","","","","","","품절","","","","","153.jpg","153.jpg","153.jpg","153.jpg","","","","","","","","","N","","","","","","","","","","","","","","","","","","","","","","","","","","","","","","",""
"","SAF2026-154","Y","Y","43","Y","Y","낮도깨비 - 오윤","","[154] 오윤","","","목판 | 54.5x36cm","","<div style=""font-family: 'Noto Sans KR', sans-serif; line-height: 1.8; color: #333;""><div style=""margin-bottom: 30px;""><h2 style=""font-size: 24px; margin-bottom: 10px;"">낮도깨비</h2><p style=""font-size: 18px; color: #666; margin-bottom: 5px;"">오윤</p><p style=""color: #888;"">목판 | 54.5x36cm | 1985</p></div><div style=""margin-bottom: 30px;""><h3 style=""font-size: 18px; border-bottom: 1px solid #ddd; padding-bottom: 10px; margin-bottom: 15px;"">작가 소개</h3><p style=""white-space: pre-line;"">한국 현대미술의 거대한 산맥이자 민중의 삶을 예술로 승화시킨 오윤은, 격동의 1980년대가 낳은 가장 뜨겁고도 진솔한 예술가였습니다. 그는 소설 ‘갯마을’로 잘 알려진 오영수 작가의 아들로 태어나 예술적 토양이 비옥한 환경에서 자랐지만, 그의 시선은 언제나 화려한 화단보다는 척박한 땅을 딛고 서 있는 민초들의 삶을 향해 있었습니다. 서울대학교에서 조소를 전공하며 서구 미학의 세례를 받았음에도 불구하고, 그는 박물관에 갇힌 박제된 미학이 아닌 거리와 현장에서 호흡하는 살아있는 미술을 갈구했습니다. 이러한 고민 끝에 그가 선택한 매체는 목판화였습니다. 한 번의 칼질로 되돌릴 수 없는 흔적을 남기는 목판화는, 투박하면서도 힘찬 그의 예술 정신을 표현하기에 가장 적합한 도구였습니다.

오윤의 작품을 관통하는 가장 핵심적인 정서는 한국인의 심연에 깔린 ‘한(恨)’과 이를 단숨에 깨치고 일어서는 ‘신명’의 조화입니다. 그의 판화 속에 등장하는 인물들은 결코 가냘프거나 나약하지 않습니다. 굵고 거친 선으로 묘사된 그들의 몸짓, 특히 역동적으로 어깨를 들썩이는 춤사위는 억눌린 현실의 고통을 딛고 일어서는 강인한 생명력을 상징합니다. 그는 탈춤, 무속, 도깨비와 같은 민속적 소재들을 현대적 감각으로 재해석하여, 서구적 조형미에 길들여진 우리 미술계에 한국적 원형이 무엇인지를 강렬하게 각인시켰습니다. 그에게 판화는 단순히 그림을 찍어내는 기술이 아니라, 시대의 아픔을 칼끝으로 새기고 대중과 그 아픔을 나누는 소통의 의식이기도 했습니다.

그는 예술이 소수의 특권층이 향유하는 전유물이 되는 것을 경계했습니다. """"미술은 많은 사람이 나누어야 한다""""는 신념 아래, 자신의 판화를 시집의 표지나 노동 현장의 전단지에 아낌없이 내어주었던 일화는 그가 추구했던 예술의 공공성을 잘 보여줍니다. 자본주의의 기형적인 욕망을 풍자한 대작부터 고단한 삶을 위로하는 따뜻한 드로잉까지, 그의 작업은 언제나 인간에 대한 깊은 신뢰와 사랑에 뿌리를 두고 있었습니다. 비록 1986년, 마흔 한 살이라는 너무도 이른 나이에 간경화로 짧은 생을 마감했지만, 그가 남긴 칼자국들은 40여 년이 흐른 오늘날까지도 지워지지 않는 깊은 울림을 전해줍니다.

2026년 현재, 우리는 그 어느 때보다 기술적으로 화려한 시대를 살아가고 있지만 오윤의 투박한 목판화가 여전히 큰 감동을 주는 이유는 그 안에 담긴 진정성 때문일 것입니다. 그는 예술가가 시대와 어떻게 마주해야 하는지, 그리고 가장 한국적인 것이 어떻게 보편적인 인간의 가치에 닿을 수 있는지를 몸소 보여주었습니다. 오윤은 떠났지만 그가 나무판 위에 새겨놓은 민중의 춤사위는 여전히 멈추지 않고 계속되고 있으며, 그의 예술은 한국 미술사에서 잊을 수 없는 가장 인간적이고도 찬란한 기록으로 남아 있습니다.</p></div><div style=""margin-bottom: 30px;""><h3 style=""font-size: 18px; border-bottom: 1px solid #ddd; padding-bottom: 10px; margin-bottom: 15px;"">작가 이력</h3><p style=""white-space: pre-line; font-size: 14px;""></p></div></div>","A","","오윤,씨앗페,SAF2026,미술,예술,작품","B","2400000","2400000","2400000","2400000","N","","","1","1","","","","N","N","","","","","","","","","품절","","","","","154.jpg","154.jpg","154.jpg","154.jpg","","","","","","","","","N","","","","","","","","","","","","","","","","","","","","","","","","","","","","","","",""
"","SAF2026-155","Y","Y","43","Y","Y","남녁땅뱃노래 - 오윤","","[155] 오윤","","","목판 | 17.5x25.5cm","","<div style=""font-family: 'Noto Sans KR', sans-serif; line-height: 1.8; color: #333;""><div style=""margin-bottom: 30px;""><h2 style=""font-size: 24px; margin-bottom: 10px;"">남녁땅뱃노래</h2><p style=""font-size: 18px; color: #666; margin-bottom: 5px;"">오윤</p><p style=""color: #888;"">목판 | 17.5x25.5cm | 1985</p></div><div style=""margin-bottom: 30px;""><h3 style=""font-size: 18px; border-bottom: 1px solid #ddd; padding-bottom: 10px; margin-bottom: 15px;"">작가 소개</h3><p style=""white-space: pre-line;"">한국 현대미술의 거대한 산맥이자 민중의 삶을 예술로 승화시킨 오윤은, 격동의 1980년대가 낳은 가장 뜨겁고도 진솔한 예술가였습니다. 그는 소설 ‘갯마을’로 잘 알려진 오영수 작가의 아들로 태어나 예술적 토양이 비옥한 환경에서 자랐지만, 그의 시선은 언제나 화려한 화단보다는 척박한 땅을 딛고 서 있는 민초들의 삶을 향해 있었습니다. 서울대학교에서 조소를 전공하며 서구 미학의 세례를 받았음에도 불구하고, 그는 박물관에 갇힌 박제된 미학이 아닌 거리와 현장에서 호흡하는 살아있는 미술을 갈구했습니다. 이러한 고민 끝에 그가 선택한 매체는 목판화였습니다. 한 번의 칼질로 되돌릴 수 없는 흔적을 남기는 목판화는, 투박하면서도 힘찬 그의 예술 정신을 표현하기에 가장 적합한 도구였습니다.

오윤의 작품을 관통하는 가장 핵심적인 정서는 한국인의 심연에 깔린 ‘한(恨)’과 이를 단숨에 깨치고 일어서는 ‘신명’의 조화입니다. 그의 판화 속에 등장하는 인물들은 결코 가냘프거나 나약하지 않습니다. 굵고 거친 선으로 묘사된 그들의 몸짓, 특히 역동적으로 어깨를 들썩이는 춤사위는 억눌린 현실의 고통을 딛고 일어서는 강인한 생명력을 상징합니다. 그는 탈춤, 무속, 도깨비와 같은 민속적 소재들을 현대적 감각으로 재해석하여, 서구적 조형미에 길들여진 우리 미술계에 한국적 원형이 무엇인지를 강렬하게 각인시켰습니다. 그에게 판화는 단순히 그림을 찍어내는 기술이 아니라, 시대의 아픔을 칼끝으로 새기고 대중과 그 아픔을 나누는 소통의 의식이기도 했습니다.

그는 예술이 소수의 특권층이 향유하는 전유물이 되는 것을 경계했습니다. """"미술은 많은 사람이 나누어야 한다""""는 신념 아래, 자신의 판화를 시집의 표지나 노동 현장의 전단지에 아낌없이 내어주었던 일화는 그가 추구했던 예술의 공공성을 잘 보여줍니다. 자본주의의 기형적인 욕망을 풍자한 대작부터 고단한 삶을 위로하는 따뜻한 드로잉까지, 그의 작업은 언제나 인간에 대한 깊은 신뢰와 사랑에 뿌리를 두고 있었습니다. 비록 1986년, 마흔 한 살이라는 너무도 이른 나이에 간경화로 짧은 생을 마감했지만, 그가 남긴 칼자국들은 40여 년이 흐른 오늘날까지도 지워지지 않는 깊은 울림을 전해줍니다.

2026년 현재, 우리는 그 어느 때보다 기술적으로 화려한 시대를 살아가고 있지만 오윤의 투박한 목판화가 여전히 큰 감동을 주는 이유는 그 안에 담긴 진정성 때문일 것입니다. 그는 예술가가 시대와 어떻게 마주해야 하는지, 그리고 가장 한국적인 것이 어떻게 보편적인 인간의 가치에 닿을 수 있는지를 몸소 보여주었습니다. 오윤은 떠났지만 그가 나무판 위에 새겨놓은 민중의 춤사위는 여전히 멈추지 않고 계속되고 있으며, 그의 예술은 한국 미술사에서 잊을 수 없는 가장 인간적이고도 찬란한 기록으로 남아 있습니다.</p></div><div style=""margin-bottom: 30px;""><h3 style=""font-size: 18px; border-bottom: 1px solid #ddd; padding-bottom: 10px; margin-bottom: 15px;"">작가 이력</h3><p style=""white-space: pre-line; font-size: 14px;""></p></div></div>","A","","오윤,씨앗페,SAF2026,미술,예술,작품","B","2400000","2400000","2400000","2400000","N","","","1","1","","","","N","N","","","","","","","","","품절","","","","","155.jpg","155.jpg","155.jpg","155.jpg","","","","","","","","","N","","","","","","","","","","","","","","","","","","","","","","","","","","","","","","",""
"","SAF2026-156","Y","Y","43","Y","Y","석양 - 오윤","","[156] 오윤","","","목판 | 23.5x22.5cm","","<div style=""font-family: 'Noto Sans KR', sans-serif; line-height: 1.8; color: #333;""><div style=""margin-bottom: 30px;""><h2 style=""font-size: 24px; margin-bottom: 10px;"">석양</h2><p style=""font-size: 18px; color: #666; margin-bottom: 5px;"">오윤</p><p style=""color: #888;"">목판 | 23.5x22.5cm | 1982</p></div><div style=""margin-bottom: 30px;""><h3 style=""font-size: 18px; border-bottom: 1px solid #ddd; padding-bottom: 10px; margin-bottom: 15px;"">작가 소개</h3><p style=""white-space: pre-line;"">한국 현대미술의 거대한 산맥이자 민중의 삶을 예술로 승화시킨 오윤은, 격동의 1980년대가 낳은 가장 뜨겁고도 진솔한 예술가였습니다. 그는 소설 ‘갯마을’로 잘 알려진 오영수 작가의 아들로 태어나 예술적 토양이 비옥한 환경에서 자랐지만, 그의 시선은 언제나 화려한 화단보다는 척박한 땅을 딛고 서 있는 민초들의 삶을 향해 있었습니다. 서울대학교에서 조소를 전공하며 서구 미학의 세례를 받았음에도 불구하고, 그는 박물관에 갇힌 박제된 미학이 아닌 거리와 현장에서 호흡하는 살아있는 미술을 갈구했습니다. 이러한 고민 끝에 그가 선택한 매체는 목판화였습니다. 한 번의 칼질로 되돌릴 수 없는 흔적을 남기는 목판화는, 투박하면서도 힘찬 그의 예술 정신을 표현하기에 가장 적합한 도구였습니다.

오윤의 작품을 관통하는 가장 핵심적인 정서는 한국인의 심연에 깔린 ‘한(恨)’과 이를 단숨에 깨치고 일어서는 ‘신명’의 조화입니다. 그의 판화 속에 등장하는 인물들은 결코 가냘프거나 나약하지 않습니다. 굵고 거친 선으로 묘사된 그들의 몸짓, 특히 역동적으로 어깨를 들썩이는 춤사위는 억눌린 현실의 고통을 딛고 일어서는 강인한 생명력을 상징합니다. 그는 탈춤, 무속, 도깨비와 같은 민속적 소재들을 현대적 감각으로 재해석하여, 서구적 조형미에 길들여진 우리 미술계에 한국적 원형이 무엇인지를 강렬하게 각인시켰습니다. 그에게 판화는 단순히 그림을 찍어내는 기술이 아니라, 시대의 아픔을 칼끝으로 새기고 대중과 그 아픔을 나누는 소통의 의식이기도 했습니다.

그는 예술이 소수의 특권층이 향유하는 전유물이 되는 것을 경계했습니다. """"미술은 많은 사람이 나누어야 한다""""는 신념 아래, 자신의 판화를 시집의 표지나 노동 현장의 전단지에 아낌없이 내어주었던 일화는 그가 추구했던 예술의 공공성을 잘 보여줍니다. 자본주의의 기형적인 욕망을 풍자한 대작부터 고단한 삶을 위로하는 따뜻한 드로잉까지, 그의 작업은 언제나 인간에 대한 깊은 신뢰와 사랑에 뿌리를 두고 있었습니다. 비록 1986년, 마흔 한 살이라는 너무도 이른 나이에 간경화로 짧은 생을 마감했지만, 그가 남긴 칼자국들은 40여 년이 흐른 오늘날까지도 지워지지 않는 깊은 울림을 전해줍니다.

2026년 현재, 우리는 그 어느 때보다 기술적으로 화려한 시대를 살아가고 있지만 오윤의 투박한 목판화가 여전히 큰 감동을 주는 이유는 그 안에 담긴 진정성 때문일 것입니다. 그는 예술가가 시대와 어떻게 마주해야 하는지, 그리고 가장 한국적인 것이 어떻게 보편적인 인간의 가치에 닿을 수 있는지를 몸소 보여주었습니다. 오윤은 떠났지만 그가 나무판 위에 새겨놓은 민중의 춤사위는 여전히 멈추지 않고 계속되고 있으며, 그의 예술은 한국 미술사에서 잊을 수 없는 가장 인간적이고도 찬란한 기록으로 남아 있습니다.</p></div><div style=""margin-bottom: 30px;""><h3 style=""font-size: 18px; border-bottom: 1px solid #ddd; padding-bottom: 10px; margin-bottom: 15px;"">작가 이력</h3><p style=""white-space: pre-line; font-size: 14px;""></p></div></div>","A","","오윤,씨앗페,SAF2026,미술,예술,작품","B","900000","900000","900000","900000","N","","","1","1","","","","N","N","","","","","","","","","품절","","","","","156.jpg","156.jpg","156.jpg","156.jpg","","","","","","","","","N","","","","","","","","","","","","","","","","","","","","","","","","","","","","","","",""
"","SAF2026-157","Y","Y","43","Y","Y","프린세스 오드리 - 백금아","","[157] 백금아","","","acrylic on canvas | 72.7x60.6cm","","<div style=""font-family: 'Noto Sans KR', sans-serif; line-height: 1.8; color: #333;""><div style=""margin-bottom: 30px;""><h2 style=""font-size: 24px; margin-bottom: 10px;"">프린세스 오드리</h2><p style=""font-size: 18px; color: #666; margin-bottom: 5px;"">백금아</p><p style=""color: #888;"">acrylic on canvas | 72.7x60.6cm | 2024</p></div><div style=""margin-bottom: 30px;""><h3 style=""font-size: 18px; border-bottom: 1px solid #ddd; padding-bottom: 10px; margin-bottom: 15px;"">작가 소개</h3><p style=""white-space: pre-line;""></p></div><div style=""margin-bottom: 30px;""><h3 style=""font-size: 18px; border-bottom: 1px solid #ddd; padding-bottom: 10px; margin-bottom: 15px;"">작가 이력</h3><p style=""white-space: pre-line; font-size: 14px;"">노리갤러리 3인전(2014), 한국수채화협회전(2010~2018), 백금아 개인전(), 제주신화전(2023~25), 예술인협동조합전(2024~25) 외 다수</p></div></div>","A","","백금아,씨앗페,SAF2026,미술,예술,작품","B","2000000","2000000","2000000","2000000","N","","","1","1","","","","N","N","","","","","","","","","품절","","","","","157.jpg","157.jpg","157.jpg","157.jpg","","","","","","","","","N","","","","","","","","","","","","","","","","","","","","","","","","","","","","","","",""
"","SAF2026-158","Y","Y","43","Y","Y","이중초상화(A double portrait) #1 - 이재정","","[158] 이재정","","","혼합매체(Mixed media) | 60x40cm","","<div style=""font-family: 'Noto Sans KR', sans-serif; line-height: 1.8; color: #333;""><div style=""margin-bottom: 30px;""><h2 style=""font-size: 24px; margin-bottom: 10px;"">이중초상화(A double portrait) #1</h2><p style=""font-size: 18px; color: #666; margin-bottom: 5px;"">이재정</p><p style=""color: #888;"">혼합매체(Mixed media) | 60x40cm | 2025</p></div><div style=""margin-bottom: 30px;""><h3 style=""font-size: 18px; border-bottom: 1px solid #ddd; padding-bottom: 10px; margin-bottom: 15px;"">작가 소개</h3><p style=""white-space: pre-line;""></p></div><div style=""margin-bottom: 30px;""><h3 style=""font-size: 18px; border-bottom: 1px solid #ddd; padding-bottom: 10px; margin-bottom: 15px;"">작가 이력</h3><p style=""white-space: pre-line; font-size: 14px;"">제주신화전(2016), 박근혜 하야전(2017), 대구사진비엔날레(프린지), 수원국제사진축제, 제주신화 한일전(2017),화산섬국제사진제, 대한민국국제포토페스티벌, 이중초상화연작전(2019), 사라진 정원전, 마을극장 DMZ레지던시전(2020), 슬기로운살림살이전(2021), 새들은 펜데믹을 두려워 하지 않는다전(2022), 화산도전(2023), 칠실파려안전(2024), 천 개의 카메라(2025) 등 개인전•단체전•아트페어 참여 다수</p></div></div>","A","","이재정,씨앗페,SAF2026,미술,예술,작품","B","900000","900000","900000","900000","N","","","1","1","","","","N","N","","","","","","","","","품절","","","","","158.jpg","158.jpg","158.jpg","158.jpg","","","","","","","","","N","","","","","","","","","","","","","","","","","","","","","","","","","","","","","","",""
"","SAF2026-159","Y","Y","43","Y","Y","The Stare - 기조","","[159] 기조","","","화판에 목각과 채색 | 72.7x60.6cm","","<div style=""font-family: 'Noto Sans KR', sans-serif; line-height: 1.8; color: #333;""><div style=""margin-bottom: 30px;""><h2 style=""font-size: 24px; margin-bottom: 10px;"">The Stare</h2><p style=""font-size: 18px; color: #666; margin-bottom: 5px;"">기조</p><p style=""color: #888;"">화판에 목각과 채색 | 72.7x60.6cm | 2025</p></div><div style=""margin-bottom: 30px;""><h3 style=""font-size: 18px; border-bottom: 1px solid #ddd; padding-bottom: 10px; margin-bottom: 15px;"">작가 소개</h3><p style=""white-space: pre-line;""></p></div><div style=""margin-bottom: 30px;""><h3 style=""font-size: 18px; border-bottom: 1px solid #ddd; padding-bottom: 10px; margin-bottom: 15px;"">작가 이력</h3><p style=""white-space: pre-line; font-size: 14px;""></p></div></div>","A","","기조,씨앗페,SAF2026,미술,예술,작품","B","1400000","1400000","1400000","1400000","N","","","1","1","","","","N","N","","","","","","","","","품절","","","","","159.jpg","159.jpg","159.jpg","159.jpg","","","","","","","","","N","","","","","","","","","","","","","","","","","","","","","","","","","","","","","","",""
"","SAF2026-160","Y","Y","43","Y","Y","reflection8 부엌 pm5h47m - 정연수","","[160] 정연수","","","oil on canvas | 53.0x72.7cm","","<div style=""font-family: 'Noto Sans KR', sans-serif; line-height: 1.8; color: #333;""><div style=""margin-bottom: 30px;""><h2 style=""font-size: 24px; margin-bottom: 10px;"">reflection8 부엌 pm5h47m</h2><p style=""font-size: 18px; color: #666; margin-bottom: 5px;"">정연수</p><p style=""color: #888;"">oil on canvas | 53.0x72.7cm | 2022</p></div><div style=""margin-bottom: 30px;""><h3 style=""font-size: 18px; border-bottom: 1px solid #ddd; padding-bottom: 10px; margin-bottom: 15px;"">작가 소개</h3><p style=""white-space: pre-line;"">“오늘날 누가 사물이 자신을 빤히 바라보거나 말을 건다고 느끼는가? 누가 사물의 얼굴을 지각하는가? .. 누가 사물의 고유한 삶을 지각하는가? 사물의 따뜻한 바라봄이 누구를 행복하게 하는가? ..” (사물의 소멸_한병철)
“지금, 여기(now&here) 내가 있는 공간, 내가 바라본 대상들에게 나의 반응과 태도는 어떠하며 어떠해야 하는가?”란 질문을 갖고 대상을 오래 관찰하며 작업은 시작된다.
디지털화, 탈사물화 된 시대에 버려지고 소비되는 일상의 사물들조차 자신만의 시간과 역사를 담고 있다. 우리가 보는 것이 동시에 우리를 응시한다. 사물도 경험을 한다. 사물은 시선과 시간의 압축물이다.
내 회화는 ‘사물을 그린 것’이 아니라 ‘사물을 보는 시각을 그린 것’이다. 내가 사물을 바라보는 태도, 사물이 나를 바라보는 시선, 여기서 비롯된 관계맺음을 회화화 한 것이다. 
이번 씨앗페에 출품한 “reflection(빛이 지나간 자리)” 시리즈는 대상의 이면, 그림자를 통해 존재를 드러내는 방식으로의 회화이다.</p></div><div style=""margin-bottom: 30px;""><h3 style=""font-size: 18px; border-bottom: 1px solid #ddd; padding-bottom: 10px; margin-bottom: 15px;"">작가 이력</h3><p style=""white-space: pre-line; font-size: 14px;"">2002 홍익대학교 회화과 학사
2006 홍익대학교 일반대학원 회화과 석사

Solo Exhibition
2022 「마음에 아로새길 상 忄象」, 갤러리너트, 서울
2022 「Im’pression」, 갤러리도스, 서울
2020 「Dear. D. L.」, 가고시포갤러리, 서울
2009 「윈도우전」, 윈도우갤러리, 갤러리현대, 서울
2008 「mommy was born」, 노암갤러리, 서울

Group Exhibition
2026 「심수지견(心手之見)」, 갤러리디아르테, 서울  
 「2026씨앗페」, 인사아트센터, 서울
2025 「아티스트 레지던시」, 장교숙소 5단지 전시관, 서울
 「still life 그럼에도 불구하고 삶」, 갤러리온도, 서울
2024 「crossword」, 갤러리온도, 서울
2010 「Do Window Vol.2」, 갤러리현대, 서울
2009 「3rd Summerfish Project; House」, 역삼동 725-20 서울
「동심동화」, 가나아트센터, 서울
2005 「캔디정신전」, (이대 김옥길박물관) ,서울, 한국
 「contemporary project」, cps32 갤러리, 뉴욕, U.S.A. 
 「미래는 오늘부터」한일교류전, 북한강갤러리,  
 「파란-정화(淨華)」석사학위청구전, 서울국제디자인플라자 
 「2nd cutting edge」 서울 옥션스페이스 
2003 「話人熱展-now&here image」, 한전갤러리 
 「2003청년우수작가 프랑스 교류전」, 갤러리 파리 보부르, 프랑스 
 「유쾌한 공작소」, 서울시립미술관-600주년 기념관 
      「예술가는 마법사」,아트사이드 
2002 「날아가는 돼지열차」, 5호선 지하철내부 
 「2002잠실재개발프로젝트 :살기 좋은 동네 잠실, 안양의 명당 석수」,
잠실송전초교, 안양stone&water갤러리 
 「G.P.S.-where is where」, 홍익대학교 현대미술관 
 「기억 그리고 흔적」, 방배동 무지개아파트 5-803</p></div></div>","A","","정연수,씨앗페,SAF2026,미술,예술,작품","B","2300000","2300000","2300000","2300000","N","","","1","1","","","","N","N","","","","","","","","","품절","","","","","160.jpg","160.jpg","160.jpg","160.jpg","","","","","","","","","N","","","","","","","","","","","","","","","","","","","","","","","","","","","","","","",""
"","SAF2026-161","Y","Y","43","Y","Y","빛이 지나간 자리3 pm7h1m - 정연수","","[161] 정연수","","","oil on canvas | 72.7x53cm","","<div style=""font-family: 'Noto Sans KR', sans-serif; line-height: 1.8; color: #333;""><div style=""margin-bottom: 30px;""><h2 style=""font-size: 24px; margin-bottom: 10px;"">빛이 지나간 자리3 pm7h1m</h2><p style=""font-size: 18px; color: #666; margin-bottom: 5px;"">정연수</p><p style=""color: #888;"">oil on canvas | 72.7x53cm | 2025</p></div><div style=""margin-bottom: 30px;""><h3 style=""font-size: 18px; border-bottom: 1px solid #ddd; padding-bottom: 10px; margin-bottom: 15px;"">작가 소개</h3><p style=""white-space: pre-line;"">“오늘날 누가 사물이 자신을 빤히 바라보거나 말을 건다고 느끼는가? 누가 사물의 얼굴을 지각하는가? .. 누가 사물의 고유한 삶을 지각하는가? 사물의 따뜻한 바라봄이 누구를 행복하게 하는가? ..” (사물의 소멸_한병철)
“지금, 여기(now&here) 내가 있는 공간, 내가 바라본 대상들에게 나의 반응과 태도는 어떠하며 어떠해야 하는가?”란 질문을 갖고 대상을 오래 관찰하며 작업은 시작된다.
디지털화, 탈사물화 된 시대에 버려지고 소비되는 일상의 사물들조차 자신만의 시간과 역사를 담고 있다. 우리가 보는 것이 동시에 우리를 응시한다. 사물도 경험을 한다. 사물은 시선과 시간의 압축물이다.
내 회화는 ‘사물을 그린 것’이 아니라 ‘사물을 보는 시각을 그린 것’이다. 내가 사물을 바라보는 태도, 사물이 나를 바라보는 시선, 여기서 비롯된 관계맺음을 회화화 한 것이다. 
이번 씨앗페에 출품한 “reflection(빛이 지나간 자리)” 시리즈는 대상의 이면, 그림자를 통해 존재를 드러내는 방식으로의 회화이다.</p></div><div style=""margin-bottom: 30px;""><h3 style=""font-size: 18px; border-bottom: 1px solid #ddd; padding-bottom: 10px; margin-bottom: 15px;"">작가 이력</h3><p style=""white-space: pre-line; font-size: 14px;"">2002 홍익대학교 회화과 학사
2006 홍익대학교 일반대학원 회화과 석사

Solo Exhibition
2022 「마음에 아로새길 상 忄象」, 갤러리너트, 서울
2022 「Im’pression」, 갤러리도스, 서울
2020 「Dear. D. L.」, 가고시포갤러리, 서울
2009 「윈도우전」, 윈도우갤러리, 갤러리현대, 서울
2008 「mommy was born」, 노암갤러리, 서울

Group Exhibition
2026 「심수지견(心手之見)」, 갤러리디아르테, 서울  
 「2026씨앗페」, 인사아트센터, 서울
2025 「아티스트 레지던시」, 장교숙소 5단지 전시관, 서울
 「still life 그럼에도 불구하고 삶」, 갤러리온도, 서울
2024 「crossword」, 갤러리온도, 서울
2010 「Do Window Vol.2」, 갤러리현대, 서울
2009 「3rd Summerfish Project; House」, 역삼동 725-20 서울
「동심동화」, 가나아트센터, 서울
2005 「캔디정신전」, (이대 김옥길박물관) ,서울, 한국
 「contemporary project」, cps32 갤러리, 뉴욕, U.S.A. 
 「미래는 오늘부터」한일교류전, 북한강갤러리,  
 「파란-정화(淨華)」석사학위청구전, 서울국제디자인플라자 
 「2nd cutting edge」 서울 옥션스페이스 
2003 「話人熱展-now&here image」, 한전갤러리 
 「2003청년우수작가 프랑스 교류전」, 갤러리 파리 보부르, 프랑스 
 「유쾌한 공작소」, 서울시립미술관-600주년 기념관 
      「예술가는 마법사」,아트사이드 
2002 「날아가는 돼지열차」, 5호선 지하철내부 
 「2002잠실재개발프로젝트 :살기 좋은 동네 잠실, 안양의 명당 석수」,
잠실송전초교, 안양stone&water갤러리 
 「G.P.S.-where is where」, 홍익대학교 현대미술관 
 「기억 그리고 흔적」, 방배동 무지개아파트 5-803</p></div></div>","A","","정연수,씨앗페,SAF2026,미술,예술,작품","B","2300000","2300000","2300000","2300000","N","","","1","1","","","","N","N","","","","","","","","","품절","","","","","161.jpg","161.jpg","161.jpg","161.jpg","","","","","","","","","N","","","","","","","","","","","","","","","","","","","","","","","","","","","","","","",""
"","SAF2026-162","Y","Y","43","Y","Y","Glory_moment#+30 - 이혜선","","[162] 이혜선","","","Mixed on canvas | 60.6x60.6cm","","<div style=""font-family: 'Noto Sans KR', sans-serif; line-height: 1.8; color: #333;""><div style=""margin-bottom: 30px;""><h2 style=""font-size: 24px; margin-bottom: 10px;"">Glory_moment#+30</h2><p style=""font-size: 18px; color: #666; margin-bottom: 5px;"">이혜선</p><p style=""color: #888;"">Mixed on canvas | 60.6x60.6cm | 2026</p></div><div style=""margin-bottom: 30px;""><h3 style=""font-size: 18px; border-bottom: 1px solid #ddd; padding-bottom: 10px; margin-bottom: 15px;"">작가 소개</h3><p style=""white-space: pre-line;"">Glory_moment#+ 시리즈는 ”당신의 존엄한 삶을 대도약하라!”는 의미를 담고 있다.
나는 제주의 푸른바다를 경험하고 수십, 수백장의 드로잉과 드리핑기법(dripping)을 이용해 일필휘지(一筆揮之)로 그려 나간다. 몸을 기반으로 의도적으로 계획한 구성(드리핑기법)과 즉흥적 운동성(액션페인팅)은 이성의 우월함 뒤에 가려진 몸의 중요성과 움직임의 참모습을 추적하여 평범한 몸 안에 숨은 비범함을 찾아낸다. 이것은 나만의 추상이며, 표현이다.
생명력과 역동적 에너지가 느껴지는 나의 파도는 관람객에게 삶의 새로운 비상과 도약을 이끈다. 도전하는 용기와 성장, 희망을 전달한다. 또한 관람객에게 파도치는 대 도약의 감정을 이끌어내기 위해 입체적 질감과 파도의 군열을 최대한 사실적으로 표현했다. Glory_moment#+ 시리즈를 통해 다양한 블루의 심연을 느껴보기 희망한다.</p></div><div style=""margin-bottom: 30px;""><h3 style=""font-size: 18px; border-bottom: 1px solid #ddd; padding-bottom: 10px; margin-bottom: 15px;"">작가 이력</h3><p style=""white-space: pre-line; font-size: 14px;""></p></div></div>","A","","이혜선,씨앗페,SAF2026,미술,예술,작품","B","3000000","3000000","3000000","3000000","N","","","1","1","","","","N","N","","","","","","","","","품절","","","","","162.jpg","162.jpg","162.jpg","162.jpg","","","","","","","","","N","","","","","","","","","","","","","","","","","","","","","","","","","","","","","","",""
"","SAF2026-163","Y","Y","43","Y","Y","Glory_moment#+33 - 이혜선","","[163] 이혜선","","","Mixed on canvas | 91x72.7cm","","<div style=""font-family: 'Noto Sans KR', sans-serif; line-height: 1.8; color: #333;""><div style=""margin-bottom: 30px;""><h2 style=""font-size: 24px; margin-bottom: 10px;"">Glory_moment#+33</h2><p style=""font-size: 18px; color: #666; margin-bottom: 5px;"">이혜선</p><p style=""color: #888;"">Mixed on canvas | 91x72.7cm | 2025</p></div><div style=""margin-bottom: 30px;""><h3 style=""font-size: 18px; border-bottom: 1px solid #ddd; padding-bottom: 10px; margin-bottom: 15px;"">작가 소개</h3><p style=""white-space: pre-line;"">Glory_moment#+ 시리즈는 ”당신의 존엄한 삶을 대도약하라!”는 의미를 담고 있다.
나는 제주의 푸른바다를 경험하고 수십, 수백장의 드로잉과 드리핑기법(dripping)을 이용해 일필휘지(一筆揮之)로 그려 나간다. 몸을 기반으로 의도적으로 계획한 구성(드리핑기법)과 즉흥적 운동성(액션페인팅)은 이성의 우월함 뒤에 가려진 몸의 중요성과 움직임의 참모습을 추적하여 평범한 몸 안에 숨은 비범함을 찾아낸다. 이것은 나만의 추상이며, 표현이다.
생명력과 역동적 에너지가 느껴지는 나의 파도는 관람객에게 삶의 새로운 비상과 도약을 이끈다. 도전하는 용기와 성장, 희망을 전달한다. 또한 관람객에게 파도치는 대 도약의 감정을 이끌어내기 위해 입체적 질감과 파도의 군열을 최대한 사실적으로 표현했다. Glory_moment#+ 시리즈를 통해 다양한 블루의 심연을 느껴보기 희망한다.</p></div><div style=""margin-bottom: 30px;""><h3 style=""font-size: 18px; border-bottom: 1px solid #ddd; padding-bottom: 10px; margin-bottom: 15px;"">작가 이력</h3><p style=""white-space: pre-line; font-size: 14px;""></p></div></div>","A","","이혜선,씨앗페,SAF2026,미술,예술,작품","B","7500000","7500000","7500000","7500000","N","","","1","1","","","","N","N","","","","","","","","","품절","","","","","163.jpg","163.jpg","163.jpg","163.jpg","","","","","","","","","N","","","","","","","","","","","","","","","","","","","","","","","","","","","","","","",""
"","SAF2026-164","Y","Y","43","Y","Y","김치2025-2 - 이현정","","[164] 이현정","","","oil on canvas | 72.5x60.6cm","","<div style=""font-family: 'Noto Sans KR', sans-serif; line-height: 1.8; color: #333;""><div style=""margin-bottom: 30px;""><h2 style=""font-size: 24px; margin-bottom: 10px;"">김치2025-2</h2><p style=""font-size: 18px; color: #666; margin-bottom: 5px;"">이현정</p><p style=""color: #888;"">oil on canvas | 72.5x60.6cm | 2025</p></div><div style=""margin-bottom: 30px;""><h3 style=""font-size: 18px; border-bottom: 1px solid #ddd; padding-bottom: 10px; margin-bottom: 15px;"">작가 소개</h3><p style=""white-space: pre-line;"">이현정(Lee Hyeon-Jeong)은 회화, 설치, 퍼포먼스로 작업하며 ‘숨’과 ‘발효’가 만들어내는 시간의 감각을 다룬다. 작업은 종종 강한 붉음과 생생한 물성을 통해 관객의 몸 감각을 건드리지만, 그 불편함을 단지 충격으로 소비하지 않고 “살아남은 시간”의 온기와 회복의 가능성을 끝까지 붙든다.
2018년 작업 《숨-길》에서 작가는 얼어붙은 강 위에 고춧가루로 붉은 흔적을 남겼다. 차갑게 고정된 표면 위로 번지는 붉은 색은 억눌린 감정의 분출이자, 얼어붙은 세계 속에서도 끝내 드러나는 “살아 있음”의 방식이었다. 이 첫 장면은 2019년부터 이어온 ‘김치 시리즈’로 확장되었다. 작가에게 김치는 자화상이자 생명의 은유다. 절여지고, 버무려지고, 기다림 속에서 서서히 다른 맛과 결로 바뀌는 과정은 상처와 기억이 삶 속에서 이동하고 변화하는 방식과 닮아 있다. 
이후 《숨-의미심장》에서 이현정은 숨과 심장을 단순한 생리 현상으로 설명하지 않는다. 삶과 죽음, 물질과 비물질, 과거·현재·미래가 서로 닿는 지점을 관객이 공간 속에서 체험하게 하며, 그 과정에서 ‘너와 나’의 연결이 발생하는 감각을 드러낸다. 이 탐구는 설치와 이미지의 차원을 넘어 현재 퍼포먼스로 확장되어, 관객과의 만남 속에서 계속 이어지고 있다.
〈이씨! 표류기〉 연작에서는 가족의 경험과 기록을 거즈책, 아카이브, 텍스트, 영상, 설치로 다시 엮으며 말로는 다 옮기기 어려운 시간을 감각의 언어로 전하려 했다. 개인의 서사는 가족사를 넘어 역사가 남긴 상흔으로 확장되고, ‘사라짐/기록/증언’의 문제는 재현이 아니라 감각적 설치와 행위로 전환된다. 거즈책의 층, 김치의 발효, 심장 오브제와 퍼포먼스는 모두 시간이 지나며 변형되는 존재와 기억의 층위를 드러내는 장치이자, 사라진 것들이 다시 감각으로 돌아오는 경로가 된다.
2023년 독일 KuBB 초청으로 독일 포츠담 Kunstraum Potsdam에서 열린 《UTOPIA?! PEACE》 전시 및 퍼포먼스 프로그램에 참여했으며, 2024년 후쿠오카 아트 어워드 우수상을 수상했다.</p></div><div style=""margin-bottom: 30px;""><h3 style=""font-size: 18px; border-bottom: 1px solid #ddd; padding-bottom: 10px; margin-bottom: 15px;"">작가 이력</h3><p style=""white-space: pre-line; font-size: 14px;"">개인전 (Solo Exhibitions)
2024 GALLERIE LUT?CE PRESENTS_김치 (12/24-12/28, 코엑스, 서울)
2023 이씨! 표류기 (2/15-3/1, 정문규미술관)
2022 개인전 김치_숨 Kimchi_Breath (3/30-4/3, CICA 미술관)
2022 팽이의 달 (1/10-1/26, 갤러리호호)
2021 숨_의미심장 (1/28-2/17, 아트잠실)
2019 김치 (11/20-11/30, 대안예술공간이포)
2016 WHO AM I? (11/25-12/8, 정수화랑)
2015 色卽是空 空卽是色 (3/11-4/3, AP갤러리)


주요 단체전(Selected Group Exhibitions)
2025 〈광복 80주년 DMZ 국제예술교류 프로젝트_탈경계〉, 고성 DMZ박물관·통일전망대(강원)
2025 〈Counter Memory, Counter Voices: 대항기억, 발화하는 목소리〉 피날레 퍼포먼스, 		대구역(대구)
2025 〈신 심도기행 - 두 세계의 경계, 예술로 잇다〉, 강화 전쟁박물관 잔디마당(강화)
2024 〈Fukuoka Art Award 2024〉 수상작전, 후쿠오카시미술관(일본)
2023 〈UTOPIA?! PEACE〉, Kunstraum Potsdam / Berlin Wall Memorial(Bernauer Straße) / 		Babelsberg Palace(독일)
2023 〈FREEDOM 2023〉, 후쿠오카 아시아미술관(일본)
2022 〈창원조각비엔날레 - 탈경계 프로젝트〉, 성산아트홀(창원)
2022 〈SIEAF 섬진강국제실험예술제〉, 제월섬(곡성)
2021 〈DMZ 이후, 대지의 숨결〉, 양평군립미술관(경기)
2021 〈여수국제미술제〉, 여수엑스포컨벤션센터(여수)
2020 〈Kathmandu Contemporary Art Exhibition〉, Nepal Art Council(카트만두, 네팔)
2018 〈DMZ 아트페스타 2018 〈평화: 바람〉〉(2018 평창동계올림픽), 					고성통일전망대·DMZ박물관(강원)
2018 〈〈DMZ 아트페스타 2018 〈평화: 바람〉〉(2018 평창동계패럴림픽), 
	광화문광장·페스티벌파크 	평창·DMZ박물관(강원) 
외 다수


수상 / 선정 (Awards & Selections)
2026 〈홍티아트센터 레지던시〉 장기 입주작가 선정, 부산문화재단
2024 제2회 〈후쿠오카 아트 어워드〉 우수상, 후쿠오카시미술관
2023 〈UTOPIA?! PEACE〉 초청·선정, Kunstraum Potsdam / Berlin Wall Memorial(Bernauer 	Straße) / Babelsberg Palace (Germany) - Berlin Wall Foundation · Kunstraum Potsdam
2018 〈DMZ 아트페스타 2018 〈평화: 바람〉〉(2018 평창 문화올림픽) 작가 선정, 			문화체육관광부·강원도 
2018 〈평화: 바람(Peace: BARAM) - 평창동계패럴림픽 DMZ 아트페스타〉 작가 선정, 		 	문화체육관광부·강원도
2016-2017 해외전시 기업 후원 작가 선정, ㈜신진스틸
2013 제20회 〈한국미술 국제공모대전〉 우수상, 한국미술국제교류협회
외 다수

소장 (Collections)
후쿠오카시 미술관 (2024)
고성 DMZ박물관 (2018)</p></div></div>","A","","이현정,씨앗페,SAF2026,미술,예술,작품","B","3500000","3500000","3500000","3500000","N","","","1","1","","","","N","N","","","","","","","","","품절","","","","","164.jpg","164.jpg","164.jpg","164.jpg","","","","","","","","","N","","","","","","","","","","","","","","","","","","","","","","","","","","","","","","",""
"","SAF2026-165","Y","Y","43","Y","Y","김치2024-3 - 이현정","","[165] 이현정","","","oil on canvas | 65.1x51cm","","<div style=""font-family: 'Noto Sans KR', sans-serif; line-height: 1.8; color: #333;""><div style=""margin-bottom: 30px;""><h2 style=""font-size: 24px; margin-bottom: 10px;"">김치2024-3</h2><p style=""font-size: 18px; color: #666; margin-bottom: 5px;"">이현정</p><p style=""color: #888;"">oil on canvas | 65.1x51cm | 2024</p></div><div style=""margin-bottom: 30px;""><h3 style=""font-size: 18px; border-bottom: 1px solid #ddd; padding-bottom: 10px; margin-bottom: 15px;"">작가 소개</h3><p style=""white-space: pre-line;"">이현정(Lee Hyeon-Jeong)은 회화, 설치, 퍼포먼스로 작업하며 ‘숨’과 ‘발효’가 만들어내는 시간의 감각을 다룬다. 작업은 종종 강한 붉음과 생생한 물성을 통해 관객의 몸 감각을 건드리지만, 그 불편함을 단지 충격으로 소비하지 않고 “살아남은 시간”의 온기와 회복의 가능성을 끝까지 붙든다.
2018년 작업 《숨-길》에서 작가는 얼어붙은 강 위에 고춧가루로 붉은 흔적을 남겼다. 차갑게 고정된 표면 위로 번지는 붉은 색은 억눌린 감정의 분출이자, 얼어붙은 세계 속에서도 끝내 드러나는 “살아 있음”의 방식이었다. 이 첫 장면은 2019년부터 이어온 ‘김치 시리즈’로 확장되었다. 작가에게 김치는 자화상이자 생명의 은유다. 절여지고, 버무려지고, 기다림 속에서 서서히 다른 맛과 결로 바뀌는 과정은 상처와 기억이 삶 속에서 이동하고 변화하는 방식과 닮아 있다. 
이후 《숨-의미심장》에서 이현정은 숨과 심장을 단순한 생리 현상으로 설명하지 않는다. 삶과 죽음, 물질과 비물질, 과거·현재·미래가 서로 닿는 지점을 관객이 공간 속에서 체험하게 하며, 그 과정에서 ‘너와 나’의 연결이 발생하는 감각을 드러낸다. 이 탐구는 설치와 이미지의 차원을 넘어 현재 퍼포먼스로 확장되어, 관객과의 만남 속에서 계속 이어지고 있다.
〈이씨! 표류기〉 연작에서는 가족의 경험과 기록을 거즈책, 아카이브, 텍스트, 영상, 설치로 다시 엮으며 말로는 다 옮기기 어려운 시간을 감각의 언어로 전하려 했다. 개인의 서사는 가족사를 넘어 역사가 남긴 상흔으로 확장되고, ‘사라짐/기록/증언’의 문제는 재현이 아니라 감각적 설치와 행위로 전환된다. 거즈책의 층, 김치의 발효, 심장 오브제와 퍼포먼스는 모두 시간이 지나며 변형되는 존재와 기억의 층위를 드러내는 장치이자, 사라진 것들이 다시 감각으로 돌아오는 경로가 된다.
2023년 독일 KuBB 초청으로 독일 포츠담 Kunstraum Potsdam에서 열린 《UTOPIA?! PEACE》 전시 및 퍼포먼스 프로그램에 참여했으며, 2024년 후쿠오카 아트 어워드 우수상을 수상했다.</p></div><div style=""margin-bottom: 30px;""><h3 style=""font-size: 18px; border-bottom: 1px solid #ddd; padding-bottom: 10px; margin-bottom: 15px;"">작가 이력</h3><p style=""white-space: pre-line; font-size: 14px;"">개인전 (Solo Exhibitions)
2024 GALLERIE LUT?CE PRESENTS_김치 (12/24-12/28, 코엑스, 서울)
2023 이씨! 표류기 (2/15-3/1, 정문규미술관)
2022 개인전 김치_숨 Kimchi_Breath (3/30-4/3, CICA 미술관)
2022 팽이의 달 (1/10-1/26, 갤러리호호)
2021 숨_의미심장 (1/28-2/17, 아트잠실)
2019 김치 (11/20-11/30, 대안예술공간이포)
2016 WHO AM I? (11/25-12/8, 정수화랑)
2015 色卽是空 空卽是色 (3/11-4/3, AP갤러리)


주요 단체전(Selected Group Exhibitions)
2025 〈광복 80주년 DMZ 국제예술교류 프로젝트_탈경계〉, 고성 DMZ박물관·통일전망대(강원)
2025 〈Counter Memory, Counter Voices: 대항기억, 발화하는 목소리〉 피날레 퍼포먼스, 		대구역(대구)
2025 〈신 심도기행 - 두 세계의 경계, 예술로 잇다〉, 강화 전쟁박물관 잔디마당(강화)
2024 〈Fukuoka Art Award 2024〉 수상작전, 후쿠오카시미술관(일본)
2023 〈UTOPIA?! PEACE〉, Kunstraum Potsdam / Berlin Wall Memorial(Bernauer Straße) / 		Babelsberg Palace(독일)
2023 〈FREEDOM 2023〉, 후쿠오카 아시아미술관(일본)
2022 〈창원조각비엔날레 - 탈경계 프로젝트〉, 성산아트홀(창원)
2022 〈SIEAF 섬진강국제실험예술제〉, 제월섬(곡성)
2021 〈DMZ 이후, 대지의 숨결〉, 양평군립미술관(경기)
2021 〈여수국제미술제〉, 여수엑스포컨벤션센터(여수)
2020 〈Kathmandu Contemporary Art Exhibition〉, Nepal Art Council(카트만두, 네팔)
2018 〈DMZ 아트페스타 2018 〈평화: 바람〉〉(2018 평창동계올림픽), 					고성통일전망대·DMZ박물관(강원)
2018 〈〈DMZ 아트페스타 2018 〈평화: 바람〉〉(2018 평창동계패럴림픽), 
	광화문광장·페스티벌파크 	평창·DMZ박물관(강원) 
외 다수


수상 / 선정 (Awards & Selections)
2026 〈홍티아트센터 레지던시〉 장기 입주작가 선정, 부산문화재단
2024 제2회 〈후쿠오카 아트 어워드〉 우수상, 후쿠오카시미술관
2023 〈UTOPIA?! PEACE〉 초청·선정, Kunstraum Potsdam / Berlin Wall Memorial(Bernauer 	Straße) / Babelsberg Palace (Germany) - Berlin Wall Foundation · Kunstraum Potsdam
2018 〈DMZ 아트페스타 2018 〈평화: 바람〉〉(2018 평창 문화올림픽) 작가 선정, 			문화체육관광부·강원도 
2018 〈평화: 바람(Peace: BARAM) - 평창동계패럴림픽 DMZ 아트페스타〉 작가 선정, 		 	문화체육관광부·강원도
2016-2017 해외전시 기업 후원 작가 선정, ㈜신진스틸
2013 제20회 〈한국미술 국제공모대전〉 우수상, 한국미술국제교류협회
외 다수

소장 (Collections)
후쿠오카시 미술관 (2024)
고성 DMZ박물관 (2018)</p></div></div>","A","","이현정,씨앗페,SAF2026,미술,예술,작품","B","3000000","3000000","3000000","3000000","N","","","1","1","","","","N","N","","","","","","","","","품절","","","","","165.jpg","165.jpg","165.jpg","165.jpg","","","","","","","","","N","","","","","","","","","","","","","","","","","","","","","","","","","","","","","","",""
"","SAF2026-166","Y","Y","43","Y","Y","김치2023-2 - 이현정","","[166] 이현정","","","oil on canvas | 45.5x45.5cm","","<div style=""font-family: 'Noto Sans KR', sans-serif; line-height: 1.8; color: #333;""><div style=""margin-bottom: 30px;""><h2 style=""font-size: 24px; margin-bottom: 10px;"">김치2023-2</h2><p style=""font-size: 18px; color: #666; margin-bottom: 5px;"">이현정</p><p style=""color: #888;"">oil on canvas | 45.5x45.5cm | 2023</p></div><div style=""margin-bottom: 30px;""><h3 style=""font-size: 18px; border-bottom: 1px solid #ddd; padding-bottom: 10px; margin-bottom: 15px;"">작가 소개</h3><p style=""white-space: pre-line;"">이현정(Lee Hyeon-Jeong)은 회화, 설치, 퍼포먼스로 작업하며 ‘숨’과 ‘발효’가 만들어내는 시간의 감각을 다룬다. 작업은 종종 강한 붉음과 생생한 물성을 통해 관객의 몸 감각을 건드리지만, 그 불편함을 단지 충격으로 소비하지 않고 “살아남은 시간”의 온기와 회복의 가능성을 끝까지 붙든다.
2018년 작업 《숨-길》에서 작가는 얼어붙은 강 위에 고춧가루로 붉은 흔적을 남겼다. 차갑게 고정된 표면 위로 번지는 붉은 색은 억눌린 감정의 분출이자, 얼어붙은 세계 속에서도 끝내 드러나는 “살아 있음”의 방식이었다. 이 첫 장면은 2019년부터 이어온 ‘김치 시리즈’로 확장되었다. 작가에게 김치는 자화상이자 생명의 은유다. 절여지고, 버무려지고, 기다림 속에서 서서히 다른 맛과 결로 바뀌는 과정은 상처와 기억이 삶 속에서 이동하고 변화하는 방식과 닮아 있다. 
이후 《숨-의미심장》에서 이현정은 숨과 심장을 단순한 생리 현상으로 설명하지 않는다. 삶과 죽음, 물질과 비물질, 과거·현재·미래가 서로 닿는 지점을 관객이 공간 속에서 체험하게 하며, 그 과정에서 ‘너와 나’의 연결이 발생하는 감각을 드러낸다. 이 탐구는 설치와 이미지의 차원을 넘어 현재 퍼포먼스로 확장되어, 관객과의 만남 속에서 계속 이어지고 있다.
〈이씨! 표류기〉 연작에서는 가족의 경험과 기록을 거즈책, 아카이브, 텍스트, 영상, 설치로 다시 엮으며 말로는 다 옮기기 어려운 시간을 감각의 언어로 전하려 했다. 개인의 서사는 가족사를 넘어 역사가 남긴 상흔으로 확장되고, ‘사라짐/기록/증언’의 문제는 재현이 아니라 감각적 설치와 행위로 전환된다. 거즈책의 층, 김치의 발효, 심장 오브제와 퍼포먼스는 모두 시간이 지나며 변형되는 존재와 기억의 층위를 드러내는 장치이자, 사라진 것들이 다시 감각으로 돌아오는 경로가 된다.
2023년 독일 KuBB 초청으로 독일 포츠담 Kunstraum Potsdam에서 열린 《UTOPIA?! PEACE》 전시 및 퍼포먼스 프로그램에 참여했으며, 2024년 후쿠오카 아트 어워드 우수상을 수상했다.</p></div><div style=""margin-bottom: 30px;""><h3 style=""font-size: 18px; border-bottom: 1px solid #ddd; padding-bottom: 10px; margin-bottom: 15px;"">작가 이력</h3><p style=""white-space: pre-line; font-size: 14px;"">개인전 (Solo Exhibitions)
2024 GALLERIE LUT?CE PRESENTS_김치 (12/24-12/28, 코엑스, 서울)
2023 이씨! 표류기 (2/15-3/1, 정문규미술관)
2022 개인전 김치_숨 Kimchi_Breath (3/30-4/3, CICA 미술관)
2022 팽이의 달 (1/10-1/26, 갤러리호호)
2021 숨_의미심장 (1/28-2/17, 아트잠실)
2019 김치 (11/20-11/30, 대안예술공간이포)
2016 WHO AM I? (11/25-12/8, 정수화랑)
2015 色卽是空 空卽是色 (3/11-4/3, AP갤러리)


주요 단체전(Selected Group Exhibitions)
2025 〈광복 80주년 DMZ 국제예술교류 프로젝트_탈경계〉, 고성 DMZ박물관·통일전망대(강원)
2025 〈Counter Memory, Counter Voices: 대항기억, 발화하는 목소리〉 피날레 퍼포먼스, 		대구역(대구)
2025 〈신 심도기행 - 두 세계의 경계, 예술로 잇다〉, 강화 전쟁박물관 잔디마당(강화)
2024 〈Fukuoka Art Award 2024〉 수상작전, 후쿠오카시미술관(일본)
2023 〈UTOPIA?! PEACE〉, Kunstraum Potsdam / Berlin Wall Memorial(Bernauer Straße) / 		Babelsberg Palace(독일)
2023 〈FREEDOM 2023〉, 후쿠오카 아시아미술관(일본)
2022 〈창원조각비엔날레 - 탈경계 프로젝트〉, 성산아트홀(창원)
2022 〈SIEAF 섬진강국제실험예술제〉, 제월섬(곡성)
2021 〈DMZ 이후, 대지의 숨결〉, 양평군립미술관(경기)
2021 〈여수국제미술제〉, 여수엑스포컨벤션센터(여수)
2020 〈Kathmandu Contemporary Art Exhibition〉, Nepal Art Council(카트만두, 네팔)
2018 〈DMZ 아트페스타 2018 〈평화: 바람〉〉(2018 평창동계올림픽), 					고성통일전망대·DMZ박물관(강원)
2018 〈〈DMZ 아트페스타 2018 〈평화: 바람〉〉(2018 평창동계패럴림픽), 
	광화문광장·페스티벌파크 	평창·DMZ박물관(강원) 
외 다수


수상 / 선정 (Awards & Selections)
2026 〈홍티아트센터 레지던시〉 장기 입주작가 선정, 부산문화재단
2024 제2회 〈후쿠오카 아트 어워드〉 우수상, 후쿠오카시미술관
2023 〈UTOPIA?! PEACE〉 초청·선정, Kunstraum Potsdam / Berlin Wall Memorial(Bernauer 	Straße) / Babelsberg Palace (Germany) - Berlin Wall Foundation · Kunstraum Potsdam
2018 〈DMZ 아트페스타 2018 〈평화: 바람〉〉(2018 평창 문화올림픽) 작가 선정, 			문화체육관광부·강원도 
2018 〈평화: 바람(Peace: BARAM) - 평창동계패럴림픽 DMZ 아트페스타〉 작가 선정, 		 	문화체육관광부·강원도
2016-2017 해외전시 기업 후원 작가 선정, ㈜신진스틸
2013 제20회 〈한국미술 국제공모대전〉 우수상, 한국미술국제교류협회
외 다수

소장 (Collections)
후쿠오카시 미술관 (2024)
고성 DMZ박물관 (2018)</p></div></div>","A","","이현정,씨앗페,SAF2026,미술,예술,작품","B","2000000","2000000","2000000","2000000","N","","","1","1","","","","N","N","","","","","","","","","품절","","","","","166.jpg","166.jpg","166.jpg","166.jpg","","","","","","","","","N","","","","","","","","","","","","","","","","","","","","","","","","","","","","","","",""